{
  "id": "1717091",
  "name": "X",
  "font_family": "iconfont",
  "css_prefix_text": "icon-",
  "description": "",
  "glyphs": [
    {
      "icon_id": "1589063",
      "name": "bing",
      "font_class": "bing",
      "unicode": "e70c",
      "unicode_decimal": 59148
    },
    {
      "icon_id": "1366321",
      "name": "快递",
      "font_class": "express",
      "unicode": "e697",
      "unicode_decimal": 59031
    },
    {
      "icon_id": "2837125",
      "name": "世界",
      "font_class": "shijie",
      "unicode": "e698",
      "unicode_decimal": 59032
    },
    {
      "icon_id": "7516901",
      "name": "生活服务",
      "font_class": "shenghuo",
      "unicode": "e699",
      "unicode_decimal": 59033
    },
    {
      "icon_id": "7680698",
      "name": "火车站",
      "font_class": "12306",
      "unicode": "e69b",
      "unicode_decimal": 59035
    },
    {
      "icon_id": "8032456",
      "name": "下厨房",
      "font_class": "xiachufang",
      "unicode": "e9b1",
      "unicode_decimal": 59825
    },
    {
      "icon_id": "468712",
      "name": "喜马拉雅听",
      "font_class": "ximalaya",
      "unicode": "e683",
      "unicode_decimal": 59011
    },
    {
      "icon_id": "557065",
      "name": "M",
      "font_class": "M1",
      "unicode": "e68f",
      "unicode_decimal": 59023
    },
    {
      "icon_id": "716048",
      "name": "音乐",
      "font_class": "yinle",
      "unicode": "e690",
      "unicode_decimal": 59024
    },
    {
      "icon_id": "1244197",
      "name": "印象笔记",
      "font_class": "yinxiangbiji",
      "unicode": "e695",
      "unicode_decimal": 59029
    },
    {
      "icon_id": "1921815",
      "name": "超星",
      "font_class": "chaoxing",
      "unicode": "e691",
      "unicode_decimal": 59025
    },
    {
      "icon_id": "2579956",
      "name": "fm",
      "font_class": "fm",
      "unicode": "e692",
      "unicode_decimal": 59026
    },
    {
      "icon_id": "6254883",
      "name": "FM",
      "font_class": "FM1",
      "unicode": "e693",
      "unicode_decimal": 59027
    },
    {
      "icon_id": "8032146",
      "name": "TED",
      "font_class": "TED",
      "unicode": "e95c",
      "unicode_decimal": 59740
    },
    {
      "icon_id": "8600757",
      "name": "vk",
      "font_class": "vk",
      "unicode": "e882",
      "unicode_decimal": 59522
    },
    {
      "icon_id": "9490687",
      "name": "vk",
      "font_class": "vk1",
      "unicode": "e6b0",
      "unicode_decimal": 59056
    },
    {
      "icon_id": "10486472",
      "name": "tumblr",
      "font_class": "tumblr",
      "unicode": "e694",
      "unicode_decimal": 59028
    },
    {
      "icon_id": "13050831",
      "name": "猫",
      "font_class": "mao",
      "unicode": "e696",
      "unicode_decimal": 59030
    },
    {
      "icon_id": "4803612",
      "name": "毛笔",
      "font_class": "maobi",
      "unicode": "e671",
      "unicode_decimal": 58993
    },
    {
      "icon_id": "1641091",
      "name": "社交",
      "font_class": "shejiao1",
      "unicode": "e621",
      "unicode_decimal": 58913
    },
    {
      "icon_id": "400080",
      "name": "图片",
      "font_class": "tupian2",
      "unicode": "e68b",
      "unicode_decimal": 59019
    },
    {
      "icon_id": "608352",
      "name": "箭头",
      "font_class": "chaoyou",
      "unicode": "e6ab",
      "unicode_decimal": 59051
    },
    {
      "icon_id": "1703702",
      "name": "风车",
      "font_class": "windmill",
      "unicode": "e6f7",
      "unicode_decimal": 59127
    },
    {
      "icon_id": "6102940",
      "name": "图片",
      "font_class": "tupian1",
      "unicode": "e68c",
      "unicode_decimal": 59020
    },
    {
      "icon_id": "7431466",
      "name": "扫码",
      "font_class": "saoma2",
      "unicode": "e68d",
      "unicode_decimal": 59021
    },
    {
      "icon_id": "13543861",
      "name": "扫码",
      "font_class": "saoma",
      "unicode": "e68e",
      "unicode_decimal": 59022
    },
    {
      "icon_id": "8032602",
      "name": "三联生活周刊",
      "font_class": "sanlian",
      "unicode": "e9d4",
      "unicode_decimal": 59860
    },
    {
      "icon_id": "999125",
      "name": "放大",
      "font_class": "aifangda",
      "unicode": "e6d4",
      "unicode_decimal": 59092
    },
    {
      "icon_id": "1038397",
      "name": "秋",
      "font_class": "qiu",
      "unicode": "e67f",
      "unicode_decimal": 59007
    },
    {
      "icon_id": "1995412",
      "name": "人物",
      "font_class": "renwu",
      "unicode": "e682",
      "unicode_decimal": 59010
    },
    {
      "icon_id": "4362055",
      "name": "python",
      "font_class": "python",
      "unicode": "e6c8",
      "unicode_decimal": 59080
    },
    {
      "icon_id": "6801685",
      "name": "RGB",
      "font_class": "RGB",
      "unicode": "e685",
      "unicode_decimal": 59013
    },
    {
      "icon_id": "8207755",
      "name": "好奇心",
      "font_class": "haoqixin",
      "unicode": "e821",
      "unicode_decimal": 59425
    },
    {
      "icon_id": "8449711",
      "name": "yunpan",
      "font_class": "yunpan",
      "unicode": "e686",
      "unicode_decimal": 59014
    },
    {
      "icon_id": "9221607",
      "name": "周刊",
      "font_class": "zhoukan",
      "unicode": "e687",
      "unicode_decimal": 59015
    },
    {
      "icon_id": "11060343",
      "name": "MOOC-ai",
      "font_class": "MOOC",
      "unicode": "e688",
      "unicode_decimal": 59016
    },
    {
      "icon_id": "12182676",
      "name": "日报",
      "font_class": "ribao",
      "unicode": "e689",
      "unicode_decimal": 59017
    },
    {
      "icon_id": "12382571",
      "name": "yunpan",
      "font_class": "yunpan1",
      "unicode": "e68a",
      "unicode_decimal": 59018
    },
    {
      "icon_id": "12505575",
      "name": "huo",
      "font_class": "huo",
      "unicode": "e954",
      "unicode_decimal": 59732
    },
    {
      "icon_id": "80347",
      "name": "eye",
      "font_class": "eye",
      "unicode": "e633",
      "unicode_decimal": 58931
    },
    {
      "icon_id": "109509",
      "name": "gmail",
      "font_class": "gmail",
      "unicode": "e729",
      "unicode_decimal": 59177
    },
    {
      "icon_id": "116057",
      "name": "gmail",
      "font_class": "gmail1",
      "unicode": "e628",
      "unicode_decimal": 58920
    },
    {
      "icon_id": "157756",
      "name": "ping",
      "font_class": "ping",
      "unicode": "e615",
      "unicode_decimal": 58901
    },
    {
      "icon_id": "281474",
      "name": "设计",
      "font_class": "she",
      "unicode": "e62c",
      "unicode_decimal": 58924
    },
    {
      "icon_id": "348408",
      "name": "codepen",
      "font_class": "codepen",
      "unicode": "ea79",
      "unicode_decimal": 60025
    },
    {
      "icon_id": "712591",
      "name": "tool",
      "font_class": "tool",
      "unicode": "e62d",
      "unicode_decimal": 58925
    },
    {
      "icon_id": "1044947",
      "name": "behance",
      "font_class": "behance2",
      "unicode": "e632",
      "unicode_decimal": 58930
    },
    {
      "icon_id": "1115707",
      "name": "behance",
      "font_class": "behance",
      "unicode": "e78e",
      "unicode_decimal": 59278
    },
    {
      "icon_id": "1135952",
      "name": "A",
      "font_class": "A",
      "unicode": "e6d3",
      "unicode_decimal": 59091
    },
    {
      "icon_id": "1317066",
      "name": "xueshu",
      "font_class": "xueshu",
      "unicode": "e634",
      "unicode_decimal": 58932
    },
    {
      "icon_id": "1419614",
      "name": "baidu-yun",
      "font_class": "baiduyun",
      "unicode": "e636",
      "unicode_decimal": 58934
    },
    {
      "icon_id": "1419669",
      "name": "huaban",
      "font_class": "huaban",
      "unicode": "e637",
      "unicode_decimal": 58935
    },
    {
      "icon_id": "1706329",
      "name": "cdn加速",
      "font_class": "cdn",
      "unicode": "e64e",
      "unicode_decimal": 58958
    },
    {
      "icon_id": "2009840",
      "name": "bili",
      "font_class": "bili",
      "unicode": "e638",
      "unicode_decimal": 58936
    },
    {
      "icon_id": "2275849",
      "name": "youtube",
      "font_class": "youtube",
      "unicode": "e910",
      "unicode_decimal": 59664
    },
    {
      "icon_id": "2319556",
      "name": "facebook",
      "font_class": "facebook",
      "unicode": "e63a",
      "unicode_decimal": 58938
    },
    {
      "icon_id": "2319557",
      "name": "feedly",
      "font_class": "feedly",
      "unicode": "e63b",
      "unicode_decimal": 58939
    },
    {
      "icon_id": "2406254",
      "name": "短",
      "font_class": "duan",
      "unicode": "e63c",
      "unicode_decimal": 58940
    },
    {
      "icon_id": "2895834",
      "name": "zhihu",
      "font_class": "zhihu1",
      "unicode": "e63d",
      "unicode_decimal": 58941
    },
    {
      "icon_id": "3506983",
      "name": "csdn",
      "font_class": "csdn",
      "unicode": "e63e",
      "unicode_decimal": 58942
    },
    {
      "icon_id": "3543047",
      "name": "eye",
      "font_class": "eye1",
      "unicode": "e9e1",
      "unicode_decimal": 59873
    },
    {
      "icon_id": "3625293",
      "name": "Dribbble",
      "font_class": "Dribbble",
      "unicode": "e63f",
      "unicode_decimal": 58943
    },
    {
      "icon_id": "3877484",
      "name": "UI",
      "font_class": "UI",
      "unicode": "e641",
      "unicode_decimal": 58945
    },
    {
      "icon_id": "4162012",
      "name": "ins",
      "font_class": "ins",
      "unicode": "e649",
      "unicode_decimal": 58953
    },
    {
      "icon_id": "4347366",
      "name": "sf",
      "font_class": "sf",
      "unicode": "e642",
      "unicode_decimal": 58946
    },
    {
      "icon_id": "4534475",
      "name": "gongju",
      "font_class": "gongju",
      "unicode": "e644",
      "unicode_decimal": 58948
    },
    {
      "icon_id": "4594268",
      "name": "dribbble",
      "font_class": "dribbble",
      "unicode": "e646",
      "unicode_decimal": 58950
    },
    {
      "icon_id": "4827157",
      "name": "kaiyan",
      "font_class": "kaiyan",
      "unicode": "e645",
      "unicode_decimal": 58949
    },
    {
      "icon_id": "5554708",
      "name": "font-awesome",
      "font_class": "font-awesome",
      "unicode": "e648",
      "unicode_decimal": 58952
    },
    {
      "icon_id": "5797863",
      "name": "ip",
      "font_class": "ip",
      "unicode": "e7c5",
      "unicode_decimal": 59333
    },
    {
      "icon_id": "6022878",
      "name": "吾爱破解",
      "font_class": "wuaipojie",
      "unicode": "e64f",
      "unicode_decimal": 58959
    },
    {
      "icon_id": "6507743",
      "name": "设计",
      "font_class": "sheji",
      "unicode": "e650",
      "unicode_decimal": 58960
    },
    {
      "icon_id": "6782309",
      "name": "quxian",
      "font_class": "quxian",
      "unicode": "e672",
      "unicode_decimal": 58994
    },
    {
      "icon_id": "7334992",
      "name": "github",
      "font_class": "git",
      "unicode": "e651",
      "unicode_decimal": 58961
    },
    {
      "icon_id": "8032611",
      "name": "Live Hotmail邮箱",
      "font_class": "Hotmail",
      "unicode": "e9d5",
      "unicode_decimal": 59861
    },
    {
      "icon_id": "8091751",
      "name": "js",
      "font_class": "js",
      "unicode": "e7a1",
      "unicode_decimal": 59297
    },
    {
      "icon_id": "8148838",
      "name": "字幕",
      "font_class": "zimu",
      "unicode": "e652",
      "unicode_decimal": 58962
    },
    {
      "icon_id": "8370930",
      "name": "swiper",
      "font_class": "swiper",
      "unicode": "e653",
      "unicode_decimal": 58963
    },
    {
      "icon_id": "8509549",
      "name": "pinterest",
      "font_class": "pinterest",
      "unicode": "e655",
      "unicode_decimal": 58965
    },
    {
      "icon_id": "8592238",
      "name": "pinterest",
      "font_class": "pinterest1",
      "unicode": "e6a1",
      "unicode_decimal": 59041
    },
    {
      "icon_id": "8660172",
      "name": "shejiao",
      "font_class": "shejiao",
      "unicode": "e6fd",
      "unicode_decimal": 59133
    },
    {
      "icon_id": "8785651",
      "name": "fanyi",
      "font_class": "fanyi",
      "unicode": "e6f0",
      "unicode_decimal": 59120
    },
    {
      "icon_id": "8833969",
      "name": "xinlang",
      "font_class": "xinlang",
      "unicode": "e656",
      "unicode_decimal": 58966
    },
    {
      "icon_id": "9344380",
      "name": "IP",
      "font_class": "IP",
      "unicode": "e657",
      "unicode_decimal": 58967
    },
    {
      "icon_id": "9433751",
      "name": "史莱姆",
      "font_class": "shilaimu",
      "unicode": "e658",
      "unicode_decimal": 58968
    },
    {
      "icon_id": "9457984",
      "name": "csdn",
      "font_class": "csdn1",
      "unicode": "e659",
      "unicode_decimal": 58969
    },
    {
      "icon_id": "9653280",
      "name": "fanyi",
      "font_class": "fanyi1",
      "unicode": "e65a",
      "unicode_decimal": 58970
    },
    {
      "icon_id": "9668381",
      "name": "youxiang",
      "font_class": "youxiang",
      "unicode": "e65e",
      "unicode_decimal": 58974
    },
    {
      "icon_id": "9684825",
      "name": "H5",
      "font_class": "H",
      "unicode": "e65b",
      "unicode_decimal": 58971
    },
    {
      "icon_id": "9740152",
      "name": "fanyi",
      "font_class": "fanyi2",
      "unicode": "e65d",
      "unicode_decimal": 58973
    },
    {
      "icon_id": "9937702",
      "name": "zhanku",
      "font_class": "zhanku",
      "unicode": "e660",
      "unicode_decimal": 58976
    },
    {
      "icon_id": "10656414",
      "name": "img",
      "font_class": "img",
      "unicode": "e78c",
      "unicode_decimal": 59276
    },
    {
      "icon_id": "10774359",
      "name": "swiper",
      "font_class": "weimingming-",
      "unicode": "e661",
      "unicode_decimal": 58977
    },
    {
      "icon_id": "10846256",
      "name": "md",
      "font_class": "md",
      "unicode": "e663",
      "unicode_decimal": 58979
    },
    {
      "icon_id": "11039290",
      "name": "wuaipojie",
      "font_class": "wuaipojie1",
      "unicode": "e665",
      "unicode_decimal": 58981
    },
    {
      "icon_id": "11050061",
      "name": "xinlang",
      "font_class": "xinlang1",
      "unicode": "e666",
      "unicode_decimal": 58982
    },
    {
      "icon_id": "11144748",
      "name": "w3c",
      "font_class": "w3c",
      "unicode": "ebbd",
      "unicode_decimal": 60349
    },
    {
      "icon_id": "11311174",
      "name": "jiesuo",
      "font_class": "jiesuo",
      "unicode": "e667",
      "unicode_decimal": 58983
    },
    {
      "icon_id": "11422233",
      "name": "1-优设",
      "font_class": "-youshe",
      "unicode": "e668",
      "unicode_decimal": 58984
    },
    {
      "icon_id": "11490012",
      "name": "duanshipin-icon",
      "font_class": "duanshipin",
      "unicode": "e669",
      "unicode_decimal": 58985
    },
    {
      "icon_id": "11658229",
      "name": "站酷",
      "font_class": "zhanku1",
      "unicode": "e66a",
      "unicode_decimal": 58986
    },
    {
      "icon_id": "11669786",
      "name": "base64",
      "font_class": "base64",
      "unicode": "e66b",
      "unicode_decimal": 58987
    },
    {
      "icon_id": "11880725",
      "name": "gongju (1)-01",
      "font_class": "gongju-",
      "unicode": "e66c",
      "unicode_decimal": 58988
    },
    {
      "icon_id": "11940948",
      "name": "短网址",
      "font_class": "duanwangzhi",
      "unicode": "ed29",
      "unicode_decimal": 60713
    },
    {
      "icon_id": "12143812",
      "name": "视频",
      "font_class": "shipin",
      "unicode": "e724",
      "unicode_decimal": 59172
    },
    {
      "icon_id": "12278794",
      "name": "FaceBook",
      "font_class": "facebook-circle-fill",
      "unicode": "e745",
      "unicode_decimal": 59205
    },
    {
      "icon_id": "12313365",
      "name": "twitter",
      "font_class": "twitter",
      "unicode": "e6c7",
      "unicode_decimal": 59079
    },
    {
      "icon_id": "12313474",
      "name": "you-tube",
      "font_class": "you-tube",
      "unicode": "e6c9",
      "unicode_decimal": 59081
    },
    {
      "icon_id": "12468224",
      "name": "kaifa",
      "font_class": "kaifa",
      "unicode": "e66d",
      "unicode_decimal": 58989
    },
    {
      "icon_id": "12502563",
      "name": "cloudflare",
      "font_class": "cloudflare",
      "unicode": "e66e",
      "unicode_decimal": 58990
    },
    {
      "icon_id": "12695667",
      "name": "wangluo",
      "font_class": "wangluo",
      "unicode": "e6f1",
      "unicode_decimal": 59121
    },
    {
      "icon_id": "12974673",
      "name": "weibo",
      "font_class": "weibo",
      "unicode": "e674",
      "unicode_decimal": 58996
    },
    {
      "icon_id": "13015747",
      "name": "qq",
      "font_class": "qq1",
      "unicode": "e675",
      "unicode_decimal": 58997
    },
    {
      "icon_id": "13043980",
      "name": "阿里图标库",
      "font_class": "iconfont",
      "unicode": "e676",
      "unicode_decimal": 58998
    },
    {
      "icon_id": "13043981",
      "name": "阿里图标库",
      "font_class": "iconfont2",
      "unicode": "e679",
      "unicode_decimal": 59001
    },
    {
      "icon_id": "13228044",
      "name": "bilibili",
      "font_class": "bilibili",
      "unicode": "e67a",
      "unicode_decimal": 59002
    },
    {
      "icon_id": "13477997",
      "name": "windows",
      "font_class": "windows",
      "unicode": "e67b",
      "unicode_decimal": 59003
    },
    {
      "icon_id": "13533497",
      "name": "alimail 阿里邮箱",
      "font_class": "alimail",
      "unicode": "e67d",
      "unicode_decimal": 59005
    },
    {
      "icon_id": "13570253",
      "name": "pandown",
      "font_class": "pandown",
      "unicode": "e67e",
      "unicode_decimal": 59006
    },
    {
      "icon_id": "2605158",
      "name": "导航",
      "font_class": "daohang",
      "unicode": "e610",
      "unicode_decimal": 58896
    },
    {
      "icon_id": "3141408",
      "name": "百度学术",
      "font_class": "baiduxueshu",
      "unicode": "e6b3",
      "unicode_decimal": 59059
    },
    {
      "icon_id": "3878676",
      "name": "新闻",
      "font_class": "news",
      "unicode": "e619",
      "unicode_decimal": 58905
    },
    {
      "icon_id": "3895514",
      "name": "阅读",
      "font_class": "yuedu1",
      "unicode": "e62e",
      "unicode_decimal": 58926
    },
    {
      "icon_id": "5218770",
      "name": "报纸",
      "font_class": "baozhi",
      "unicode": "e60f",
      "unicode_decimal": 58895
    },
    {
      "icon_id": "5485669",
      "name": "下载 (1)",
      "font_class": "xiazai1",
      "unicode": "e61c",
      "unicode_decimal": 58908
    },
    {
      "icon_id": "5783128",
      "name": "爱奇艺",
      "font_class": "QIY",
      "unicode": "e6b5",
      "unicode_decimal": 59061
    },
    {
      "icon_id": "6004276",
      "name": "转换",
      "font_class": "zhuanhuan1",
      "unicode": "e624",
      "unicode_decimal": 58916
    },
    {
      "icon_id": "7386641",
      "name": "文",
      "font_class": "wen",
      "unicode": "e732",
      "unicode_decimal": 59186
    },
    {
      "icon_id": "7485706",
      "name": "百度",
      "font_class": "baidu",
      "unicode": "e684",
      "unicode_decimal": 59012
    },
    {
      "icon_id": "7785031",
      "name": "v2ex",
      "font_class": "v2ex",
      "unicode": "e62b",
      "unicode_decimal": 58923
    },
    {
      "icon_id": "7830024",
      "name": "转换",
      "font_class": "zhuanhuan",
      "unicode": "e612",
      "unicode_decimal": 58898
    },
    {
      "icon_id": "8168972",
      "name": "blog",
      "font_class": "blog",
      "unicode": "e9bc",
      "unicode_decimal": 59836
    },
    {
      "icon_id": "9559035",
      "name": "云",
      "font_class": "ziyuan",
      "unicode": "e613",
      "unicode_decimal": 58899
    },
    {
      "icon_id": "9612790",
      "name": "gitee",
      "font_class": "gitee",
      "unicode": "e61a",
      "unicode_decimal": 58906
    },
    {
      "icon_id": "9634382",
      "name": "文",
      "font_class": "wen1",
      "unicode": "e61b",
      "unicode_decimal": 58907
    },
    {
      "icon_id": "10164907",
      "name": "图书馆",
      "font_class": "tushuguan",
      "unicode": "e664",
      "unicode_decimal": 58980
    },
    {
      "icon_id": "10289838",
      "name": "中国知网",
      "font_class": "zhongguozhiwang",
      "unicode": "e627",
      "unicode_decimal": 58919
    },
    {
      "icon_id": "10395049",
      "name": "学术",
      "font_class": "scholar",
      "unicode": "e61d",
      "unicode_decimal": 58909
    },
    {
      "icon_id": "10636151",
      "name": "gitee",
      "font_class": "gitee1",
      "unicode": "e61e",
      "unicode_decimal": 58910
    },
    {
      "icon_id": "10812153",
      "name": "谷歌市场",
      "font_class": "gugeshichang",
      "unicode": "e61f",
      "unicode_decimal": 58911
    },
    {
      "icon_id": "11012938",
      "name": "优酷",
      "font_class": "youku",
      "unicode": "e620",
      "unicode_decimal": 58912
    },
    {
      "icon_id": "11349903",
      "name": "v2ex",
      "font_class": "vex",
      "unicode": "e64b",
      "unicode_decimal": 58955
    },
    {
      "icon_id": "11372740",
      "name": "优酷会员",
      "font_class": "youkuhuiyuan",
      "unicode": "e8c1",
      "unicode_decimal": 59585
    },
    {
      "icon_id": "11784911",
      "name": "腾讯云",
      "font_class": "tengxunyun",
      "unicode": "e625",
      "unicode_decimal": 58917
    },
    {
      "icon_id": "12680430",
      "name": "知网",
      "font_class": "zhiwang",
      "unicode": "e626",
      "unicode_decimal": 58918
    },
    {
      "icon_id": "12953460",
      "name": "资源",
      "font_class": "ziyuan2",
      "unicode": "e6ad",
      "unicode_decimal": 59053
    },
    {
      "icon_id": "13131365",
      "name": "谷歌浏览器",
      "font_class": "chrome",
      "unicode": "e677",
      "unicode_decimal": 58999
    },
    {
      "icon_id": "13331909",
      "name": "腾讯",
      "font_class": "tengxun",
      "unicode": "e678",
      "unicode_decimal": 59000
    },
    {
      "icon_id": "13482357",
      "name": "搜索",
      "font_class": "sousuo",
      "unicode": "e631",
      "unicode_decimal": 58929
    },
    {
      "icon_id": "372580",
      "name": "谷歌地图",
      "font_class": "gugeditu",
      "unicode": "e643",
      "unicode_decimal": 58947
    },
    {
      "icon_id": "724359",
      "name": "阅读",
      "font_class": "yuedu",
      "unicode": "e62a",
      "unicode_decimal": 58922
    },
    {
      "icon_id": "887976",
      "name": "下载",
      "font_class": "xiazai",
      "unicode": "e639",
      "unicode_decimal": 58937
    },
    {
      "icon_id": "1495697",
      "name": "牛",
      "font_class": "niu",
      "unicode": "e670",
      "unicode_decimal": 58992
    },
    {
      "icon_id": "1541927",
      "name": "爱奇艺",
      "font_class": "aiqiyi",
      "unicode": "e6b8",
      "unicode_decimal": 59064
    },
    {
      "icon_id": "1573019",
      "name": "友链",
      "font_class": "youlian",
      "unicode": "e640",
      "unicode_decimal": 58944
    },
    {
      "icon_id": "1856872",
      "name": "谷歌",
      "font_class": "guge",
      "unicode": "e60e",
      "unicode_decimal": 58894
    },
    {
      "icon_id": "2567889",
      "name": "导航",
      "font_class": "daohang-tianchong",
      "unicode": "e618",
      "unicode_decimal": 58904
    },
    {
      "icon_id": "72671",
      "name": "i",
      "font_class": "i",
      "unicode": "e680",
      "unicode_decimal": 59008
    },
    {
      "icon_id": "83714",
      "name": "B",
      "font_class": "letter-b",
      "unicode": "e66f",
      "unicode_decimal": 58991
    },
    {
      "icon_id": "162869",
      "name": "扫码",
      "font_class": "scan",
      "unicode": "e602",
      "unicode_decimal": 58882
    },
    {
      "icon_id": "1016878",
      "name": "b",
      "font_class": "b",
      "unicode": "e6e4",
      "unicode_decimal": 59108
    },
    {
      "icon_id": "1309195",
      "name": "购物",
      "font_class": "gouwu",
      "unicode": "e744",
      "unicode_decimal": 59204
    },
    {
      "icon_id": "1393761",
      "name": "sms",
      "font_class": "sms",
      "unicode": "e71e",
      "unicode_decimal": 59166
    },
    {
      "icon_id": "2350941",
      "name": "C",
      "font_class": "C",
      "unicode": "e6f8",
      "unicode_decimal": 59128
    },
    {
      "icon_id": "2545238",
      "name": "淘宝",
      "font_class": "tb",
      "unicode": "e771",
      "unicode_decimal": 59249
    },
    {
      "icon_id": "2826347",
      "name": "购物车",
      "font_class": "gouwuche",
      "unicode": "e604",
      "unicode_decimal": 58884
    },
    {
      "icon_id": "2967325",
      "name": "E",
      "font_class": "E",
      "unicode": "e64a",
      "unicode_decimal": 58954
    },
    {
      "icon_id": "3029170",
      "name": "优惠",
      "font_class": "youhui1",
      "unicode": "e606",
      "unicode_decimal": 58886
    },
    {
      "icon_id": "3281711",
      "name": "网易云",
      "font_class": "wangyiyun",
      "unicode": "e62f",
      "unicode_decimal": 58927
    },
    {
      "icon_id": "3398975",
      "name": "码",
      "font_class": "ma",
      "unicode": "e647",
      "unicode_decimal": 58951
    },
    {
      "icon_id": "3823835",
      "name": "L",
      "font_class": "L",
      "unicode": "e67c",
      "unicode_decimal": 59004
    },
    {
      "icon_id": "4032001",
      "name": "码",
      "font_class": "ma1",
      "unicode": "e617",
      "unicode_decimal": 58903
    },
    {
      "icon_id": "4599239",
      "name": "京东",
      "font_class": "jingdong",
      "unicode": "e630",
      "unicode_decimal": 58928
    },
    {
      "icon_id": "5502248",
      "name": "h",
      "font_class": "h",
      "unicode": "e74b",
      "unicode_decimal": 59211
    },
    {
      "icon_id": "5645378",
      "name": "京东",
      "font_class": "JD",
      "unicode": "e609",
      "unicode_decimal": 58889
    },
    {
      "icon_id": "5980604",
      "name": "e",
      "font_class": "e",
      "unicode": "eb13",
      "unicode_decimal": 60179
    },
    {
      "icon_id": "6209708",
      "name": "网易",
      "font_class": "wangyi",
      "unicode": "e607",
      "unicode_decimal": 58887
    },
    {
      "icon_id": "6367282",
      "name": "J",
      "font_class": "J",
      "unicode": "e622",
      "unicode_decimal": 58914
    },
    {
      "icon_id": "6367283",
      "name": "K",
      "font_class": "K",
      "unicode": "e623",
      "unicode_decimal": 58915
    },
    {
      "icon_id": "6367296",
      "name": "W",
      "font_class": "W",
      "unicode": "e629",
      "unicode_decimal": 58921
    },
    {
      "icon_id": "7059011",
      "name": "网易",
      "font_class": "wangyi1",
      "unicode": "e673",
      "unicode_decimal": 58995
    },
    {
      "icon_id": "8967553",
      "name": "优惠",
      "font_class": "youhui",
      "unicode": "e681",
      "unicode_decimal": 59009
    },
    {
      "icon_id": "10609344",
      "name": "风",
      "font_class": "feng",
      "unicode": "e961",
      "unicode_decimal": 59745
    },
    {
      "icon_id": "11736281",
      "name": "L",
      "font_class": "L1",
      "unicode": "e60a",
      "unicode_decimal": 58890
    },
    {
      "icon_id": "12975008",
      "name": "淘宝",
      "font_class": "taobao",
      "unicode": "e635",
      "unicode_decimal": 58933
    },
    {
      "icon_id": "13124906",
      "name": "S",
      "font_class": "S",
      "unicode": "e608",
      "unicode_decimal": 58888
    },
    {
      "icon_id": "13154741",
      "name": "M",
      "font_class": "M",
      "unicode": "e6ca",
      "unicode_decimal": 59082
    },
    {
      "icon_id": "13221337",
      "name": "d",
      "font_class": "d",
      "unicode": "e65f",
      "unicode_decimal": 58975
    },
    {
      "icon_id": "13259802",
      "name": "F",
      "font_class": "F",
      "unicode": "e60b",
      "unicode_decimal": 58891
    },
    {
      "icon_id": "13268220",
      "name": "n",
      "font_class": "n",
      "unicode": "e60c",
      "unicode_decimal": 58892
    },
    {
      "icon_id": "13400376",
      "name": "g",
      "font_class": "g",
      "unicode": "e60d",
      "unicode_decimal": 58893
    },
    {
      "icon_id": "9251689",
      "name": "18-狮子",
      "font_class": "shizi",
      "unicode": "e614",
      "unicode_decimal": 58900
    },
    {
      "icon_id": "792199",
      "name": "X",
      "font_class": "x",
      "unicode": "e611",
      "unicode_decimal": 58897
    },
    {
      "icon_id": "1167877",
      "name": "网盘-激活",
      "font_class": "wangpanjihuo",
      "unicode": "e64c",
      "unicode_decimal": 58956
    },
    {
      "icon_id": "1167878",
      "name": "网盘-未激活",
      "font_class": "wangpanweijihuo",
      "unicode": "e64d",
      "unicode_decimal": 58957
    },
    {
      "icon_id": "1305834",
      "name": "网盘-激活",
      "font_class": "wangpan-jihuo",
      "unicode": "e654",
      "unicode_decimal": 58964
    },
    {
      "icon_id": "2295991",
      "name": "pdf",
      "font_class": "pdf",
      "unicode": "e616",
      "unicode_decimal": 58902
    },
    {
      "icon_id": "5131598",
      "name": "兔子",
      "font_class": "tuzi",
      "unicode": "e605",
      "unicode_decimal": 58885
    },
    {
      "icon_id": "9940274",
      "name": "pdf",
      "font_class": "pdf1",
      "unicode": "e603",
      "unicode_decimal": 58883
    },
    {
      "icon_id": "1385",
      "name": "豆瓣",
      "font_class": "douban",
      "unicode": "e600",
      "unicode_decimal": 58880
    },
    {
      "icon_id": "1244207",
      "name": "知乎",
      "font_class": "zhihu",
      "unicode": "e69a",
      "unicode_decimal": 59034
    },
    {
      "icon_id": "1301377",
      "name": "图片",
      "font_class": "tupian",
      "unicode": "e662",
      "unicode_decimal": 58978
    },
    {
      "icon_id": "3506928",
      "name": "qq",
      "font_class": "qq",
      "unicode": "e601",
      "unicode_decimal": 58881
    },
    {
      "icon_id": "6204789",
      "name": "图书",
      "font_class": "tushu",
      "unicode": "e65c",
      "unicode_decimal": 58972
    },
    {
      "icon_id": "10368274",
      "name": "tv",
      "font_class": "tv",
      "unicode": "e6b6",
      "unicode_decimal": 59062
    }
  ]
}
